key,expression,line,node,source,speaker
1/3,smile,3,1,You really think so?,you
0/1,idle,1,0,"Actually, sorry for the bad timing, but I really need to use the bathroom...",you
0/2,sad,2,0,Why? Did you eat already? Before your date?!,idimya
1/1,idle,1,1,Yup-,you
1/11,idle,11,1,"You are different, aren't you?",you
1/12,idle,12,1,"Oh, to think... I just might spare your life tonight, if you play your cards right...",you
1/2,idle,2,1,"I- I totally did not expect you to be... EVEN HOTTER than your profile pictures, ma'am-",you
2/10,smile,10,2,WOW.,you
1/4,idle,4,1,Y-yes!!! Yes of course!,you
3.1.1/15,smile,15,3.1.1,You sound sooo smart!!! I like that in a fellow parasite.,idimya
3.1.1/16,smile,16,3.1.1,Mainly because I don't understand how it works for me at all!,idimya
3.1.1/17,smile,17,3.1.1,"Woah, no need to talk yourself down like that...",idimya
3.1.1/32,smile,32,3.1.1,I would not want to trade my life for yours; that is not to say I am not open to dating your type. The brain type.,idimya
3.1.1/34,smile,34,3.1.1,"Okay, Idimya, sometimes I feel like I can't read you at all...",you
1/5,idle,5,1,Hmmm.,idimya
1/6,idle,6,1,"You do have a good taste, don't you?",you
1/7,idle,7,1,"Not just that you taste good, though that too, probably-",you
1/8,idle,8,1,"But, also, you really have a good taste for who you go out with.",you
2.1/1,idle,1,2.1,"Since you prey on humans, you should be able to tell that I am actually not human!",you
2.1/2,idle,2,2.1,... even though I... completely look like one!,idimya
2.1/4,idle,4,2.1,"You have me intrigued, fellow humanoid being...",you
2.2/1,idle,1,2.2,Because I also eat humans! That makes us equals on the food chain!,idimya
2.2/2,idle,2,2.2,...that is why I know you wouldn't eat me!,you
1/10,neutral,10,1,Too many people tried to bring me down... shaming me for having confidence!!! On my good looks!!! But not you...,you
2.1/3,soy,3,2.1,Oh?!,idimya
2.2/3,idle,3,2.2,You... do?,you
2.2/8,idle,8,2.2,But wait...,you
1/9,neutral,9,1,I know I am attractive. Of that there is no doubt.,you
2/1,idle,1,2,"Girl chill, why would you want to eat me, anyways?",you
2/11,idle,11,2,UM-,you
2/12,idle,12,2,Because I...,you
0/3,sad,3,0,WHERE ARE YOUR MANNERS!,idimya
2/2,idle,2,2,"Ahem, as unbelievable as it might sound to you, but, hear me out-",idimya
2/3,idle,3,2,I'm probably not even on YOUR menu. Actually.,you
0/4,sad,4,0,You are NOT going anywhere!,idimya
2/4,idle,4,2,That is to say-,you
2/5,idle,5,2,I'm not part of your food chain! Yup.,you
3.1.1/1,idle,1,3.1.1,I do it by replacing this poor fucking fella's brain!!,you
3.1.1/36,smile,36,3.1.1,Weakness of operation as a fully functioning brain.,idimya
3.1.1/10,idle,10,3.1.1,It's kinda like...,idimya
3.1.1/11,idle,11,3.1.1,"Well, in simple terms, connect myself to the brainstem and imitate the electrical signals the original human brain would have sent, stuff like that...",you
2.2/5,happy,5,2.2,OMG!!!,idimya
2/9,happy,9,2,Just like my last first match AND first date yesterday!!!,idimya
3.1.1/22,happy,22,3.1.1,"This guy... I can't... oh, you humor me...",idimya
3.1.1/26,happy,26,3.1.1,The world is sooo EASY if you are like me!,idimya
3.1.1/38,smile,38,3.1.1,It's really not that deep!,idimya
3.1.1/31,happy,31,3.1.1,Also no! Not at all!,idimya
3.1.1/33,happy,33,3.1.1,"After all, I would not mind at all being the muscle of a relationship! Hehehe!",idimya
3.1.2/25,happy,25,3.1.2,Hewwo! Little human!,idimya
3.1.1/12,idle,12,3.1.1,Hope it makes sense?,you
3.1.1/5,smile,5,3.1.1,The REAL you!!!,you
3.1.1/18,idle,18,3.1.1,I'm sure you have good knowledge in other subjects yourself!,you
3.1.1/2,idle,2,3.1.1,"Like a... uh... pilot... in a cockpit, or something... as a human would say... which I am definitely not...",you
3.1.1/3,idle,3,3.1.1,Oh!,you
2.2/6,smug,6,2.2,You should have said that earlier?!,idimya
3.1.1/35,idle,35,3.1.1,I am not so hard to read. You just think too hard to interpret a subtext that does not exist.,you
3.1.2/26,happy,26,3.1.2,I am Idimya! I am on a date with your spine! Nice to meet you!,you
2.2/7,smug,7,2.2,I thought I was going to have to eat you!!!,you
2/6,smug,6,2,Why not?,idimya
2/7,smug,7,2,I love eating humans!,idimya
2/8,smug,8,2,You totally look like a human to me!!!,idimya
3.1.2/30,happy,30,3.1.2,Aww!,idimya
2.2/4,soy,4,2.2,OMG!!!,idimya
3.1.2/31,happy,31,3.1.2,That is adorable!!!,idimya
3.1.3/10,happy,10,3.1.3,"Everything is just an urge, with zero need for contemplation.",idimya
3.1.1/37,idle,37,3.1.1,Yeah... maybe... you do have a point.,you
3.1.1/4,idle,4,3.1.1,So can I see you?,idimya
3.1.1/6,idle,6,3.1.1,NO-,you
3.1.1/7,idle,7,3.1.1,Not without killing this body... which I would be having a problem with... OBVIOUSLY.,idimya
3.1.1/19,sad,19,3.1.1,Me? Talking myself down?,you
3.1.1/20,sad,20,3.1.1,Pfft-,idimya
3.1.2/46,sad,46,3.1.2,NONE LIKE THIS!,idimya
3.1.2/47,sad,47,3.1.2,SPINE IS LONG STICK THAT HANGS THE HUMAN MEAT!,idimya
3.1.1/9,idle,9,3.1.1,So what is it like being you?,you
3.1.2/48,sad,48,3.1.2,SPINE HANGS MEAT WHICH DRAINS AND TURN INTO DELICIOUS JERKY!,you
3.1.2/1,idle,1,3.1.2,I operate this body through his spinal cord!,you
3.1.2/49,sad,49,3.1.2,NO THINK! NO SEE! NO TALK!,idimya
3.1.2/50,sad,50,3.1.2,NOTHING LIKE THIS!,you
3.1.2/10,idle,10,3.1.2,Nope! Not silly at all!,idimya
3.1.2/11,idle,11,3.1.2,Don't even dare talking yourself down like that! You have a lot going for you.,idimya
3.1.2/12,idle,12,3.1.2,"First of all, I think you look very pretty; and second, you clearly are-",idimya
3.1.2/13,idle,13,3.1.2,You... really think I look pretty?,idimya
3.1.2/2,idle,2,3.1.2,"Ya know, the uh... central nervous system...",idimya
3.1.1/21,smug,21,3.1.1,BAHAHAHAHAH!!!!!!,idimya
3.1.1/23,smug,23,3.1.1,No!!! I am COMPLETELY fine with not knowing ANYTHING about how I work!,idimya
3.1.2/3,idle,3,3.1.2,"Like, moving around, feeling things, reflexes, stuff like that...",idimya
3.1.2/33,idle,33,3.1.2,"Oh... uh, yeah! Exactly! I actually let him keep his brain and stuff! Haha! The way he thinks is just... never a dull moment!",you
3.1.2/44,neutral,44,3.1.2,IDIMYA HAS SEEN SPINE BEFORE!,idimya
3.3.1/1,neutral,1,3.3.1,See these glasses?,idimya
3.3.1/2,neutral,2,3.3.1,Glasses?,you
3.1.2/51,sad,51,3.1.2,IDIMYA NO LIKE!,you
3.1.2/52,sad,52,3.1.2,IDIMYA NO TRUST!,idimya
3.1.2/53,sad,53,3.1.2,Idimya thinks... the one talking to me is the human! It's YOU!,you
3.1.2/54,sad,54,3.1.2,You are HUMAN!,you
3.1.2/55,sad,55,3.1.2,Idimya almost considers not eating you...,idimya
3.3.1/3,neutral,3,3.3.1,Also known as a vision enhancer.,idimya
3.3.1/4,neutral,4,3.3.1,"They call me ""four-eyes"" because it works exactly like how it sounds!",idimya
3.3.1/7,neutral,7,3.3.1,"Well, it's detachable, but I need it, it is still a part of m-",you
3.3.2/1,neutral,1,3.3.2,See these braces?,you
3.1.2/56,sad,56,3.1.2,"But now, Idimya sad that Idimya is made fool...",idimya
3.3.2/2,neutral,2,3.3.2,Braces?,idimya
3.3.2/3,neutral,3,3.3.2,Yeah the metal appendages on my teeth. You can't take them off even if you try.,idimya
3.3.3/1,neutral,1,3.3.3,"Welp, this one is a little private, but since you asked so nicely...",you
3.1.1/8,smile,8,3.1.1,"Heh, understandable.",idimya
3.3.3/2,neutral,2,3.3.3,So I have this implant in my body that gives me a strength boost and stuff.,you
3.1.2/36,idle,36,3.1.2,Do you become the spine? Replace it? Wrap around it?,you
3.3.3/3,neutral,3,3.3.3,"How it works is basically it stays right under my skin, and steadily releases testosterone, with the effects I mentioned. It's pretty powerful...",idimya
3.1.2/43,idle,43,3.1.2,Because-,you
3.3.3/4,neutral,4,3.3.3,"I mean it makes me even stronger than I already am, I mean stronger than most humans, and I definitely did not have lower than average testosterone level which needed hormone replacement therapy treatment to begin with... yup...",idimya
3.1.2/7,idle,7,3.1.2,"For me, everything is just an urge, with zero need for contemplation...",you
3.3.3/5,neutral,5,3.3.3,"I mean, who doesn't want to be stronger, right?",idimya
3.1.2/8,idle,8,3.1.2,Hungry? I eat. Want something? I take. Hate something? Perish and be happy without it!!!,idimya
3.1.3/1,idle,1,3.1.3,I barely have any idea on how I took over this body...,you
3.1.3/17,idle,17,3.1.3,"Heh, I guess you don't have a problem with this, huh...",you
3.1.3/19,idle,19,3.1.3,I am so glad finally someone relates to my experience!,idimya
3.1.3/2,idle,2,3.1.3,"It's like bam, one day I'm here, this is my life now. Just like that.",idimya
intro/38,bleh,38,intro,BLEH-,idimya
3.1.2/57,sad,57,3.1.2,IDIMYA MAD!,idimya
3.1.2/58,sad,58,3.1.2,IDIMYA IS NOT TO BE FUCKED WITH!,idimya
3.1.2/59,sad,59,3.1.2,"NO HUMAN SEES AND TALKS TO ME LIKE THIS, AND GETS AWAY WITH IT!",you
3.2.1/10,sad,10,3.2.1,"You did not exactly come expecting to sexually reproduce with me either, did you?",idimya
3.1.3/21,idle,21,3.1.3,I- I do?,you
3.1.3/22,idle,22,3.1.3,... is that bad?,you
3.1.3/25,idle,25,3.1.3,"I mean, it is my favorite food, after all...",you
3.1.3/26,idle,26,3.1.3,"So why not wear it as my favorite scent too? That way, I can always be reminded of my favorite food!!!",you
3.3/27,neutral,27,3.3,"For example, I got...",you
3.1.3/11,happy,11,3.1.3,Hungry? I eat. Want something? I take. Hate something? Perish and be happy without it!!!,you
5.1/12,neutral,12,5.1,...,you
3.1.3/13,happy,13,3.1.3,But hey!!!,idimya
5.1/13,neutral,13,5.1,Fun?,idimya
3.1.3/28,idle,28,3.1.3,"Pfft, yup, totally. You love it, you put a ring on it. It's like, why the hell not, right.",you
3.1.3/14,happy,14,3.1.3,However you are doing it... it is working really well for you!,idimya
5.1/14,neutral,14,5.1,...,you
3.1.3/29,idle,29,3.1.3,"Simple as that, indeed.",you
3.2.1/11,sad,11,3.2.1,"You came here to feed, because you saw me as food.",idimya
3.1.3/3,idle,3,3.1.3,So you know what?,you
5.1/20,neutral,20,5.1,...other... kinds of food?,idimya
3.1.3/31,idle,31,3.1.3,"Gawww. We think alike, we like the same smells...",you
3.1.3/33,idle,33,3.1.3,"Okay, and maybe, just maybe, I still wanna bite you a little.",idimya
5.1/21,neutral,21,5.1,Other than... humans?,you
3.1.3/34,idle,34,3.1.3,After this.,you
5.1/22,neutral,22,5.1,"YES, thank you!",you
5.1/23,neutral,23,5.1,There are so many cool options!,idimya
3.1.3/4,idle,4,3.1.3,"The truth is, I don't know...",you
3.1/1,idle,1,3.1,"I operate this human body, similar as you do.",idimya
3.1/10,idle,10,3.1,You could say that I...,you
3.1/18,idle,18,3.1,I...,you
3.1/4,idle,4,3.1,"Hey you know, feels like we have been talking about me for a while, it's not so fair, don't you think? Haha...",idimya
3.1.2/14,smile,14,3.1.2,Do you mean it?,idimya
3.1/5,idle,5,3.1,How about... you go first?,you
3.1.2/15,smile,15,3.1.2,Yeah! Dead serious.,idimya
3.1/9,idle,9,3.1,"And well, as for me...",you
3.1.2/16,smile,16,3.1.2,"Wait, do you think as his spine?",you
3.2.1/1,idle,1,3.2.1,"So humans, they grow up from these smaller humans, called babies...",you
3.1.2/17,smile,17,3.1.2,Do you see as his spine?,idimya
3.1.2/18,smile,18,3.1.2,"Are you talking to me, as his spine?",idimya
3.1.2/19,smile,19,3.1.2,How do you do that?,idimya
3.2.1/14,idle,14,3.2.1,"So, same logic, why would I come with the same motive as those stupid sex havers?",you
3.2.1/15,idle,15,3.2.1,Also true...,you
5.1/24,neutral,24,5.1,Yeah...,you
5.1/25,neutral,25,5.1,Idimya will try!,you
5.1/26,neutral,26,5.1,STARTING FROM YOU!,idimya
3.1.1/24,smug,24,3.1.1,"Everything is just an urge, with zero need for contemplation.",idimya
5.2.1/14,neutral,14,5.2.1,"Well, that was fun, it's getting pretty late, I should head-",you
5.2.1/15,neutral,15,5.2.1,...,you
3.1.1/25,smug,25,3.1.1,Hungry? I eat. Want something? I take. Hate something? Perish and be happy without it!!!,idimya
3.2.1/17,idle,17,3.2.1,"Hatred, grudge, loathing... however you call it. It is my drive, and that's what sets the point of my existence apart.",you
3.1.2/20,smile,20,3.1.2,"Sorta? I mean, I don't know exactly, but-",idimya
3.1.2/21,smile,21,3.1.2,"Are you looking at me, through his eyes?",idimya
3.1.3/15,happy,15,3.1.3,Absolute work of art!!!,you
3.2.1/18,idle,18,3.2.1,"I entertain myself watching their mundane, superficial, pathetic lives interweave, and yeah, there is a lot of documentation of that on the world wide web.",you
3.1.3/37,happy,37,3.1.3,You smell sooo good!!!,you
3.2.1/19,idle,19,3.2.1,"One site I could really recommend is maternalvoid.com, a legendary hub made for all my entertainment, as well as those like me, who was not reproduced from a mother, and thus we do not empathize with those who were.",idimya
3.1.3/39,happy,39,3.1.3,YAY!,idimya
3.1.2/22,smile,22,3.1.2,Can this human see me?,idimya
3.1.3/40,happy,40,3.1.3,I SAID MAYBE-,you
3.1.2/23,smile,23,3.1.2,Maybe... or... what if... yes?,idimya
3.2.1/2,idle,2,3.2.1,"But me, my species as a whole, we don't have that stage of life.",idimya
3.2.1/20,idle,20,3.2.1,"Sometimes I think about perishing the masses with my own hands, because I value them the same way they value ants beneath their feet.",you
3.2.1/21,idle,21,3.2.1,They call me an incel and it is exactly what I am. They want to put me in a cell because of their irrational fear for my species.,you
3.2.1/22,idle,22,3.2.1,"And for once, they'd be right.",you
3.1.2/27,smile,27,3.1.2,"Psst, does this human think I am pretty, too?",you
3.2.1/23,idle,23,3.2.1,...,you
3.2.1/24,idle,24,3.2.1,"But yeah, that's why my species don't make babies!",you
3.2.1/25,idle,25,3.2.1,"... too edgy for you, perhaps?",you
3.1.2/32,smile,32,3.1.2,"So, you and this human live together, as one?",you
3.2.1/3,idle,3,3.2.1,"You see, these humans, they love to have sex, because their genes trick them into loving doing it, in order to reproduce.",you
3.1.1/27,smug,27,3.1.1,Unlike your species...,you
3.1.2/34,smile,34,3.1.2,Amazing!,you
3.1.1/28,smug,28,3.1.1,"I see no big guns, probably because you maxxed out busy being the brain! What do you consume energy for? Emotions??? Pahahahah-",idimya
3.1.1/29,smug,29,3.1.1,Does not sound fun to be you at all!!!,idimya
3.1.1/30,smug,30,3.1.1,"Woah, okay, is that you making fun of me?",idimya
3.1.3/7,happy,7,3.1.3,"Damn it, I wasn't prepared-",idimya
3.1.3/5,smug,5,3.1.3,YOU DON'T KNOW???,idimya
3.1.3/6,smug,6,3.1.3,Is that bad...,idimya
3.1/11,smug,11,3.1,"Brute forced my way in, if you catch my meaning... hehe...",idimya
3.2.1/12,sad,12,3.2.1,Am I wrong?,idimya
3.1.3/8,happy,8,3.1.3,SAME!!!,idimya
3.2.1/48,sad,48,3.2.1,Actually a little too greasy for my taste. Ough. Would not recommend. I prefer a balanced diet.,idimya
3.1/13,smug,13,3.1,"I tried my best to not make a mess, too!",idimya
3.1.1/13,soy,13,3.1.1,Wow!!!,you
3.2.1/8,sad,8,3.2.1,So what is the meaning of going on a date with me?,idimya
3.1.1/14,soy,14,3.1.1,You know so much about your anatomy!!!,you
3.2.1/9,sad,9,3.2.1,"Hah, funny you clocked that!",idimya
3.2.2/32,sad,32,3.2.2,Aww :( why not?,you
3.2.2/4,sad,4,3.2.2,What is a bacteria?,you
3.1.2/35,smile,35,3.1.2,"So, how do you control the spine? The REAL you?",idimya
3.1.2/37,smile,37,3.1.2,How do you do it!!!,idimya
3.2.1/36,idle,36,3.2.1,"Well, maybe not fully understand yet, but...",you
3.2.1/39,idle,39,3.2.1,Yeah?,you
3.2.1/4,idle,4,3.2.1,But it's all an illusion!,you
3.2.1/40,idle,40,3.2.1,And what is that?,you
3.1.2/24,soy,24,3.1.2,Oh!,idimya
3.1.3/9,happy,9,3.1.3,"Oh, I also have absolutely zero idea how it works for me hehe!!!",idimya
3.2.1/45,idle,45,3.2.1,"So I was stalking this human, right. He hadn't left his room for days...",you
3.2.1/47,idle,47,3.2.1,"Very fatty too, that one...",you
3.1/15,happy,15,3.1,Absolutely! Good job! You have my salute!,idimya
3.2.1/49,idle,49,3.2.1,But that was pretty extreme!,you
3.1.2/38,smile,38,3.1.2,"Somewhere along those lines, for sure, yeah...",you
3.2.1/5,idle,5,3.2.1,And you do not have this illusion?,idimya
3.2.1/50,idle,50,3.2.1,Most humans don't smell like this at all.,you
3.2.1/51,idle,51,3.2.1,"Heh, wow, props to you for that patience! That dedication!",you
3.2.1/53,idle,53,3.2.1,The reek of misanthropy.,you
3.1.2/39,smile,39,3.1.2,"Idimya, confuse...",idimya
3.2.1/54,idle,54,3.2.1,It works... most of the time.,idimya
3.2.1/6,idle,6,3.2.1,Correct.,you
3.1.2/40,smile,40,3.1.2,How do you think as his spine? You said he thinks? But you also think?,idimya
3.2.1/7,idle,7,3.2.1,I am not interested in sexual reproduction at all. Which makes me fundamentally different.,you
3.2.1/28,happy,28,3.2.1,Beautiful!!!,idimya
3.2.2/1,idle,1,3.2.2,Used to be very small. Bacteria sized.,idimya
3.1.2/41,smile,41,3.1.2,"How do you see as his spine? You said he sees, but you see what he sees?",idimya
3.1.2/42,smile,42,3.1.2,"How are you talking to me, as his spine?",idimya
3.2.2/10,idle,10,3.2.2,"One end in, one end out.",idimya
3.2.1/16,smug,16,3.2.1,"You really hate them, don't you?",idimya
3.2.1/29,happy,29,3.2.1,Perishing the masses...,idimya
3.2.1/30,happy,30,3.2.1,Maybe we can do that together on our next date!,idimya
3.2.1/31,happy,31,3.2.1,"Ohhh, I am getting excited!",you
3.1.2/45,smile,45,3.1.2,"Oh, yes... Idimya has seen many, MANY human spines...",you
3.2.2/11,idle,11,3.2.2,But it doesn't stop there.,you
3.2.2/12,idle,12,3.2.2,"The interesting thing about my species, is that we don't digest the DNA. Instead, we either poop it out, or... we replace it with our own.",you
3.2.2/16,idle,16,3.2.2,"Before this human form, I was walking on all fours, I could growl and I was fast.",you
3.2.2/22,idle,22,3.2.2,Morphing into what you eat...,idimya
3.2.2/24,idle,24,3.2.2,"Scary, sometimes.",idimya
3.2.2/25,idle,25,3.2.2,But yeah.,idimya
3.2.1/33,happy,33,3.2.1,"You bought all that bull- I mean I'm glad you... fuck it, fuck yeah, let's go!",idimya
3.2.2/52,sad,52,3.2.2,"Yeah, sorry to hear that!",idimya
3.2.2/53,sad,53,3.2.2,That sucks!,idimya
3.2.2/54,sad,54,3.2.2,Thankfully this species never runs out of food availability so I never actually starve.,you
3.2.2/26,idle,26,3.2.2,Hey...,you
3.2.2/55,sad,55,3.2.2,But I'm trying to not get too comfortable.,idimya
3.2.2/3,idle,3,3.2.2,Wait...,you
3.2.2/56,sad,56,3.2.2,"Eh, I guess it could be worse...",idimya
3.2.3/10,sad,10,3.2.3,Then how are you so sure you ARE different?,you
3.2.3/11,sad,11,3.2.3,"Because, they know?",idimya
3.2.3/12,sad,12,3.2.3,Humans... they sure know what they are. They even take pride in it!,you
3.2.3/13,sad,13,3.2.3,But I don't.,you
3.2.3/14,sad,14,3.2.3,Doesn't that make me different?,you
3.2.3/15,sad,15,3.2.3,"Hmmm, maybe, but I am still not convinced...",idimya
3.2.2/31,idle,31,3.2.2,"But nah. I can't accept this offer, sadly.",you
3.2.3/16,sad,16,3.2.3,"What even makes a human, human, anyways?",idimya
3.2.3/17,sad,17,3.2.3,Yeah... you are right!,idimya
5.2.1/16,neutral,16,5.2.1,Fun?,idimya
3.2.3/18,sad,18,3.2.3,I don't know the definition of a human being!,idimya
3.1.2/6,smile,6,3.1.2,I know nothing about how I work at all!,idimya
3.2.3/19,sad,19,3.2.3,I only judge from how they look!,you
3.2.3/20,sad,20,3.2.3,Exactly!,idimya
3.2.2/33,idle,33,3.2.2,Because what's the point if I didn't defeat my opponent myself?,idimya
3.2.3/21,sad,21,3.2.3,The way I see it...,idimya
3.2.2/34,idle,34,3.2.2,"Would feel like a total imposter that way. Even though our entire existence is kind of already stealing others' existence, you know?",idimya
3.2.2/35,idle,35,3.2.2,"And frankly, as I now realize, this form I take now is not so optimized for traditional hunting.",you
3.1.2/9,smile,9,3.1.2,"So silly, isn't it?",idimya
3.2.2/36,idle,36,3.2.2,"But what's the fun, if not fully mastering all potential of this current form before moving on to the next target? The big win, the adrenaline rush, knowing that you fully earned it yourself?",you
3.2.1/34,happy,34,3.2.1,"Gosh, yeah, and sorry about earlier. I almost ate you!",you
3.1.3/12,smile,12,3.1.3,You know?,idimya
3.2.2/37,idle,37,3.2.2,So yeah. I will not cheat by borrowing your power. I am not about that.,you
3.2.1/59,happy,59,3.2.1,Ouch...,you
3.1.3/16,smile,16,3.1.3,Oh!,idimya
3.2.2/42,idle,42,3.2.2,"But I now understand that you really are not one of those humans, even though you look dangerously similar.",you
3.2.2/28,happy,28,3.2.2,"Ohhh, I am getting excited!",you
3.2.2/47,idle,47,3.2.2,How are you getting by in the meantime?,idimya
3.2.2/48,idle,48,3.2.2,You mean what I eat before I find my next target?,you
3.2.2/49,idle,49,3.2.2,"You know, I can eat about anything this humanoid body is able to digest, so...",you
3.2.2/6,idle,6,3.2.2,"Won't give you a lecture on this, but basically, I was TINY. So small you wouldn't even be able to notice me.",you
3.2.2/7,idle,7,3.2.2,"My form was designed for one, simple goal:",you
3.2.1/42,smug,42,3.2.1,It's the way you smell!,idimya
3.2.2/8,idle,8,3.2.2,Consume.,you
3.2.2/9,idle,9,3.2.2,My entire body was basically just a digestion tube.,you
5.2.1/17,neutral,17,5.2.1,...,you
5.2.1/3,neutral,3,5.2.1,Oh...,you
5.2.1/5,neutral,5,5.2.1,I what now?,you
5.3.2/15,neutral,15,5.3.2,"Well, that was fun, it's getting pretty late, I should head-",you
5.3.2/16,neutral,16,5.3.2,...,you
5.3.2/17,neutral,17,5.3.2,Fun?,idimya
5.3.2/18,neutral,18,5.3.2,...,you
5.3.2/3,neutral,3,5.3.2,Oh...,you
3.2.3/22,sad,22,3.2.3,"For now, even though I cannot prove to you that I am not human...",you
3.1.3/18,smile,18,3.1.3,Not at all!,idimya
3.1.3/20,smile,20,3.1.3,"And the best part is how well integrated you are. I mean, you still smell exactly like a human!",you
3.2.3/1,idle,1,3.2.3,"Actually, you know what?",you
3.1.3/23,smile,23,3.1.3,NOOO! Not! At! All!,you
3.1.3/24,smile,24,3.1.3,I love the smell of humans!,idimya
3.1.3/27,smile,27,3.1.3,Don't you agree?,you
3.2.3/40,happy,40,3.2.3,"What if, I don't eat you, but instead just try to butcher you and see what happens?",you
3.1.3/30,smile,30,3.1.3,"Yes, so you agree!",idimya
3.2.1/46,smug,46,3.2.1,I had to impersonate his pizza delivery to lure him out!,idimya
3.1.3/32,smile,32,3.1.3,"What is going on? I am feeling dizzy... and fuzzy... hehe... stop it, you...",you
3.2.1/55,smug,55,3.2.1,Ugh!!!,idimya
5.4.1/10,neutral,10,5.4.1,...,idimya
3.2.3/2,idle,2,3.2.3,I don't know...,idimya
5.4.1/11,neutral,11,5.4.1,But why?!,idimya
5.4.1/12,neutral,12,5.4.1,Why did you lie?,idimya
5.4.1/13,neutral,13,5.4.1,"Oh, sorry! Maybe I made a mistake!",idimya
5.4.1/14,neutral,14,5.4.1,"That's fine, right? We... all... make mistakes?",idimya
5.4.1/15,neutral,15,5.4.1,IDIMYA NO LIKE!,you
3.2.3/26,idle,26,3.2.3,"And honestly, I can relate because I also barely understand how I work.",idimya
5.4.1/16,neutral,16,5.4.1,"Yeah, sorry about that.",you
3.2.3/27,idle,27,3.2.3,"Everything is just an urge, with zero need for contemplation.",you
intro/52,trans1,52,intro,Oh god... my face... feels like I'm melting...,idimya
intro/53,trans1,53,intro,The espresso was too hot...,idimya
3.2.3/28,idle,28,3.2.3,Hungry? I eat. Want something? I take. Hate something? Perish and be happy without it!!!,idimya
intro/54,trans1,54,intro,Don't look at me...,idimya
3.2.3/29,idle,29,3.2.3,But is that all there is? Is this what I am?,you
3.2.3/30,idle,30,3.2.3,"That is worth pondering, and I suggest we can help each other out, get to know each other on a deeper level, if you want?",idimya
3.2.3/31,idle,31,3.2.3,This place is closing soon...,idimya
3.1.2/28,soy,28,3.1.2,Absolutely!,idimya
3.2.3/34,idle,34,3.2.3,"No worries haha, as long as you won't try to eat me from now.",you
3.2.3/38,idle,38,3.2.3,What's on your mind?,idimya
3.2.3/39,idle,39,3.2.3,"So, from my observation, when I butcher the human, they bleed out and stop moving, and eventually they die.",idimya
3.2.3/42,idle,42,3.2.3,Wouldn't that be wonderful to find out?,you
3.2.3/43,idle,43,3.2.3,"You may not die, you may regenerate, duplicate, go back in time?",you
3.2/1,idle,1,3.2,"My species tend to look almost identical to humans as a disguise, but we are fundamentally different.",you
3.2/10,idle,10,3.2,But how?,you
3.2/11,idle,11,3.2,How we are fundamentally different from human beings?,you
3.2/12,idle,12,3.2,Good question by the way haha!,you
3.2/13,idle,13,3.2,"Uhh, well, you know how humans reproduce?",you
3.2.3/23,sad,23,3.2.3,"I cannot prove to you that I am, either.",you
3.2.3/3,sad,3,3.2.3,Don't know what?,idimya
3.2/14,idle,14,3.2,"It's a whole different story how my species comes to existence, for example.",you
3.2.3/4,sad,4,3.2.3,Don't know how you are different?,idimya
3.2/15,idle,15,3.2,We...,you
3.2.3/5,sad,5,3.2.3,Yeah...,idimya
3.2.3/6,sad,6,3.2.3,How do you reproduce?,you
3.1.3/35,smile,35,3.1.3,WHAT-,idimya
3.2.3/7,sad,7,3.2.3,I don't know.,you
3.2/2,idle,2,3.2,"Okay... so, are you just stuck looking like this?",idimya
3.2.3/8,sad,8,3.2.3,"Are you from here? If not, how did you get here?",idimya
3.1.2/29,soy,29,3.1.2,He says you are very attractive as well as kind and merciful!,idimya
3.1.2/4,soy,4,3.1.2,Oooh fancy!!!,idimya
3.1.3/36,smile,36,3.1.3,Just a nibble! I will be gentle! Pwease?,idimya
3.2/3,idle,3,3.2,It is what it is.,idimya
3.2/6,idle,6,3.2,"And, you have to admit, it doesn't look that bad, right?",idimya
3.2/7,idle,7,3.2,Yup haha! Not a bad look for you at all!,idimya
3.2/9,idle,9,3.2,"Unlike me, definitely not as cool as you, since I am stuck looking like this, as you put it... lame right? Haha, but yeah, definitely... not a human...",you
3.3.1/11,idle,11,3.3.1,"Aww, look at you... you look...",you
5.4.1/17,neutral,17,5.4.1,"Well, that was fun, it's getting pretty late, I should head-",idimya
3.1.3/38,smile,38,3.1.3,"Ugh, fine. Maybe.",you
3.2.3/46,happy,46,3.2.3,Let's find out now!,idimya
3.3.1/12,idle,12,3.3.1,Nerfed...,you
3.3.1/8,idle,8,3.3.1,Hey!,you
3.3.1/9,idle,9,3.3.1,Give it back!,you
3.3.2/5,idle,5,3.3.2,"Uh- y-yeah! Actually, yes.",idimya
3.3.3/10,idle,10,3.3.3,So you get it!,you
3.3.3/12,idle,12,3.3.3,"Some humans take me one bite and a half, but some only take one bite, and I eyeball you to be... no more than that...",idimya
3.3.3/13,idle,13,3.3.3,Bigger does not mean stronger! It's the...,you
3.1.2/5,soy,5,3.1.2,I am very impressed! You know a lot about how it works!,idimya
3.2.3/9,sad,9,3.2.3,I don't know.,idimya
3.2.1/26,soy,26,3.2.1,Wow...,idimya
3.3.3/11,sad,11,3.3.3,You don't look very strong though...,idimya
3.3.3/14,idle,14,3.3.3,Density.,you
3.1/12,smile,12,3.1,"Ah, yes. Very efficient!",idimya
3.3.3/15,idle,15,3.3.3,Yeah!,you
3.3.3/16,idle,16,3.3.3,"It's like, the difference of 1kg of cotton and 1kg of iron!",idimya
3.3.3/17,idle,17,3.3.3,And I am like steel! I am uhh... too lean and too much hard bones that would hurt to chew!,idimya
3.1/14,smile,14,3.1,Do you think I deserve a praise for this?!,idimya
3.3.3/18,idle,18,3.3.3,And also it's all over in my blood stream making me taste all rusty and shit.,idimya
3.3.3/22,idle,22,3.3.3,Exactly!,you
3.3.3/23,idle,23,3.3.3,Phew...,you
3.1/16,smile,16,3.1,"Whew, okay, my turn... I guess...",idimya
3.3.3/25,idle,25,3.3.3,NOPE-,you
3.3.3/26,idle,26,3.3.3,I told you this one is private!,you
3.3.3/27,idle,27,3.3.3,"Not now and here, at least...",idimya
3.1/17,smile,17,3.1,Yeah! How do you do it?,idimya
3.3.3/6,idle,6,3.3.3,Uhh... does that make sense?,idimya
3.3/1,idle,1,3.3,I am a cyborg!,you
3.1/2,smile,2,3.1,"Oh, how do you do that?",idimya
3.1/3,smile,3,3.1,Uh... let me think...,idimya
3.3/10,idle,10,3.3,"But now, earth residents consist of humans, and quite a few cyborgs.",you
3.3/11,idle,11,3.3,You still didn't explain what exactly a cyborg is...,you
3.3/12,idle,12,3.3,"Right, getting there soon.",you
3.3/13,idle,13,3.3,"So we cyborgs start with a human body like everyone, but then...",you
3.2.1/56,smug,56,3.2.1,Still can't believe I almost took you as my food!!!,idimya
3.3/16,idle,16,3.3,NO NO!,idimya
3.3/17,idle,17,3.3,"I mean, technically true, but it gets complicated...",you
3.1/6,smile,6,3.1,"Oh my, just where are my manners!",idimya
3.3.3/19,sad,19,3.3.3,Yikes!!,you
3.3.3/20,sad,20,3.3.3,That doesn't sound very fun...,you
3.3.3/21,sad,21,3.3.3,And not very tasty...,you
3.3/18,idle,18,3.3,"We cyborgs get so many augmentations to our human bodies, you know, so many changes happened to it, that I am now never the human I once was...",you
3.3/19,idle,19,3.3,"But long story short, we taste bad from all the changes done to our body! Actually. True story, you would not like eating me!",you
3.3/2,idle,2,3.3,Sai... what is that?,idimya
3.3/21,idle,21,3.3,"You should look for a real organic human to eat. Yeah! Organic, natural, tasty. A natty!",idimya
3.3/20,sad,20,3.3,"And cyborgs, in general. Of course.",idimya
3.3/22,idle,22,3.3,Healthier too that way. Yeah. I am just sooo over processed. I am definitely not natty!,idimya
3.3/23,sad,23,3.3,"Yuck, you make it sound like I am in for a bad ride.",you
3.3/3,idle,3,3.3,"Okay, allow me to explain.",idimya
3.3/4,idle,4,3.3,"I don't know how long you have been on earth... may I ask, if you don't mind sharing?",you
3.3/6,idle,6,3.3,I heard a lot of things though.,you
3.3/24,sad,24,3.3,I don't like that at all...,idimya
3.3/7,idle,7,3.3,"Okay, good, because a lot may be different now. We are in the future now!",you
5.4.1/18,neutral,18,5.4.1,...,idimya
3.3/8,idle,8,3.3,It is the era of cyborgism now.,you
3.3/25,sad,25,3.3,"Are you going to tell me what kind of augmentations you got, that makes you taste sooo bad that I should just, let you go?",idimya
3.3/9,idle,9,3.3,"So basically, once upon a time, there were only humans.",idimya
3/1,idle,1,3,"What are you, then?",idimya
3.3/26,sad,26,3.3,Glad you asked!,idimya
3/10,idle,10,3,"Well, let's just say...",you
3/2,idle,2,3,I...,idimya
3.2.1/57,smug,57,3.2.1,Forgive me!!!,idimya
4.1.3/10,sad,10,4.1.3,"I have tried, but it seems like I would be stuck in this body for a while.",you
3/3,idle,3,3,"Getting personal, aren't we?",you
4.1.3/11,sad,11,4.1.3,Oh...,idimya
5.4.1/19,neutral,19,5.4.1,Fun?,idimya
3/4,idle,4,3,"Heh, I mean, why don't you take a guess?",you
3/5,idle,5,3,Hmmmmmm...,you
5.4.1/20,neutral,20,5.4.1,...,idimya
3/6,idle,6,3,Actually I did think I was the only species that disguises as humans while preying on them...,you
3/7,idle,7,3,"If you are like me, but also not like me- I really don't have a clue here.",you
3/8,idle,8,3,So tell me already-,you
3/9,idle,9,3,WHAT. ARE. YOU???,you
3.1/7,smile,7,3.1,I am very sorry if I came off as intrusive!,idimya
3.1/8,smile,8,3.1,"It's just so interesting to me, talking to someone similar yet different!",idimya
4.1.3/12,sad,12,4.1.3,A long time?,you
4.1.3/13,sad,13,4.1.3,Yeah.,you
4.1.1/1,idle,1,4.1.1,"Ah, I think by the time I took over, I realized I was outside, lots of lights from all directions, all kinds of noises...",you
4.1.1/2,idle,2,4.1.1,I was overwhelmed by all the sensory input.,you
3.2.1/13,smile,13,3.2.1,"True, that was my goal...",you
4.1.1/3,idle,3,4.1.1,Even almost got hit by a car as I was still figuring out coordination!,you
5.4.1/3,neutral,3,5.4.1,"But actually, I don't eat them anymore now! Sober and counting, haha!",idimya
5.4.1/9,neutral,9,5.4.1,"You have never actually eaten a human before, haven't you?",you
4.1.2/1,idle,1,4.1.2,"Ah, I think by the time I took over, I realized I was inside an enclosure.",you
4.1.2/10,idle,10,4.1.2,"Oh yeah true, nice observation on your part.",you
5.4.3.1/10,neutral,10,5.4.3.1,"Because, who knows?",idimya
4.1.2/11,idle,11,4.1.2,"Work smart, I respect that.",you
4.1.2/2,idle,2,4.1.2,Quiet.,you
5.4.3.1/11,neutral,11,5.4.3.1,"One day, you are thriving on earth.",idimya
4.1.2/3,idle,3,4.1.2,"Almost too quiet, and, too convenient for me.",you
4.1.3/14,sad,14,4.1.3,Did you have to do human stuff to blend in?,you
3.3.1/10,happy,10,3.3.1,Or else what?,idimya
4.1.3/15,sad,15,4.1.3,"When I was weak, I had to, unfortunately. It was definitely a humbling learning experience...",you
3.2.1/32,smile,32,3.2.1,Really?!,you
4.1.3/16,sad,16,4.1.3,BORING-,you
4.1.3/8,sad,8,4.1.3,Wait... that's kinda like stuck?,idimya
3.3.2/10,happy,10,3.3.2,Awesome!!!,idimya
3.3.2/8,happy,8,3.3.2,I love hearing the screams of humans as I tear them into shreds!,idimya
3.2.1/35,smile,35,3.2.1,"But I now understand that you really are not one of those humans, even though you look dangerously similar.",idimya
4.1.2/4,idle,4,4.1.2,But I didn't mind! Nothing to lose.,you
4.1.2/5,idle,5,4.1.2,"I learned that this is his bedroom, which is a room with a bed. It's like a hideout you come back to.",you
4.1.3/1,idle,1,4.1.3,"I was actually inhaled in another human at first, but I failed to latch onto the brain.",you
3.2.1/58,smug,58,3.2.1,"Especially considering you are probably not tasty at all, judging from that smell! What was I thinking!!!",idimya
4.1.3/9,sad,9,4.1.3,Didn't you do anything about it?,idimya
4.1.3/2,idle,2,4.1.3,"Oh, what happened?",you
3.3.3/30,happy,30,3.3.3,Maybe...,idimya
4.2.1/4,sad,4,4.2.1,Ough... do you talk to them a lot?,idimya
4.2.1/5,sad,5,4.2.1,Not necessarily...,idimya
4.2.1/6,sad,6,4.2.1,"Actually, I don't talk to people- I mean the humans that much...",you
3.2.1/37,smile,37,3.2.1,I think I can tell you apart from now.,you
4.1.3/3,idle,3,4.1.3,"Then following blood streams I found this container inside this human, so I went in there and there was actually a very tiny animal in there, INSIDE the big human!",you
4.1.3/4,idle,4,4.1.3,"This one was much weaker, but easier to take over so I did.",you
4.1.3/5,idle,5,4.1.3,"It was also insanely gluttonous, ate from a pipe connected directly to its stomach and grew at an impressive speed.",you
4.1.3/6,idle,6,4.1.3,Soon enough I craved more than getting food from the pipe so I pushed my way out of that human.,you
3.2/4,smug,4,3.2,"Haha, how unfortunate!",idimya
3.3.1/13,smug,13,3.3.1,"You look like an injured gazelle, falling behind the pack...",idimya
4.1.3/7,idle,7,4.1.3,I was still relatively small back then so I kept consuming whatever they had for me to eat for a while.,you
4.1.4/1,idle,1,4.1.4,"I don't know, does it really matter?",you
3.2.1/38,smile,38,3.2.1,It's actually sooo obvious! I can't believe I ignored the early sign! It's been there this whole time!,idimya
3.2.1/41,smile,41,3.2.1,Your smell!,idimya
4.1.4/2,idle,2,4.1.4,"I mean, who cares?",you
4.1.4/3,idle,3,4.1.4,"My goal is done, and I moved on.",you
4.1.4/4,idle,4,4.1.4,Simple as that.,you
3.2.1/43,smile,43,3.2.1,What?,idimya
4.1.4/7,idle,7,4.1.4,Yeah.,you
4.1.4/8,idle,8,4.1.4,So.,you
4.2.2/4,sad,4,4.2.2,Ough... do you make friends with them?,idimya
4.2.2/5,sad,5,4.2.2,GOD no-,idimya
5.4.3.1/12,neutral,12,5.4.3.1,"But some other day, you may find yourself being preyed upon, with a fate you don't even have the time or capacity to understand, because the ones in power simply deny you of that.",idimya
5.4.3.1/13,neutral,13,5.4.3.1,Is this really worth it?,idimya
5.4.3.1/3,neutral,3,5.4.3.1,"Just because I could kill and eat human... doesn't mean it is the right thing to do, by default.",you
3.3.3/31,happy,31,3.3.3,Yeah... maybe...,idimya
5.4.3.1/6,neutral,6,5.4.3.1,"Because if strength creates the right to kill, then I have to accept the same rule when I meet something stronger than me.",you
3.3.3/32,happy,32,3.3.3,YAY! It's a deal!!!,idimya
5.4.3.1/7,neutral,7,5.4.3.1,But I don't want to.,you
5.4.3.1/8,neutral,8,5.4.3.1,I want to live. I want my species to live on.,idimya
5.4.3.1/9,neutral,9,5.4.3.1,That's why I can't honestly call the rule fair only while I'm the one in power.,you
3.3.1/5,smug,5,3.3.1,It gives you two more eyes?,idimya
5.4.3.2/12,neutral,12,5.4.3.2,"Their habits, patterns. Similarities and differences.",you
3.2.1/44,smile,44,3.2.1,There was only once that I smelled anything like this!,idimya
3.3.1/6,smug,6,3.3.1,What happens if you take it off?,idimya
3.2.1/52,smile,52,3.2.1,"But, yup, I guess that's how my species tell us apart, unfortunately.",you
5.1/10,sad,10,5.1,How disappointing!,idimya
3.2.1/60,smile,60,3.2.1,Okay... phew... this is fine.,you
3.2.1/61,smile,61,3.2.1,"Well, I mean, as long as you decide not to eat me anymore, I'll look past it.",you
3.3.3/33,happy,33,3.3.3,I SAID MAYBE-,idimya
4.1.2/7,happy,7,4.1.2,That is where I usually find my food!!!,idimya
4.2.1/1,idle,1,4.2.1,"I mean, yeah! I have been here for a while.",you
3.2.1/27,soy,27,3.2.1,That's...,idimya
4.2.1/2,idle,2,4.2.1,"And sometimes, I enjoy just observing them.",you
4.2.1/3,idle,3,4.2.1,"You could know a lot about them before you speak to them, you know?",you
3.2.1/62,smile,62,3.2.1,Yay!!!,idimya
3.2.2/15,smile,15,3.2.2,So yeah.,you
3.2.2/13,soy,13,3.2.2,"When my species consume something bigger and stronger, we have the option to basically grow into the thing we eat.",idimya
3.2.2/18,smile,18,3.2.2,And the next one? Who knows?,idimya
5.1/11,sad,11,5.1,"Yeah, well, that was fun, it's getting pretty late, I should head-",you
4.2.2/1,idle,1,4.2.2,"I mean, yeah! I have been here for a while.",you
5.1/15,sad,15,5.1,FUN?!,you
4.2.2/2,idle,2,4.2.2,"And over time, I tend to notice patterns about them.",you
5.1/16,sad,16,5.1,WASTING IDIMYA'S TIME... FUN?!,you
4.2.2/3,idle,3,4.2.2,"Never hurts to learn a thing or two, right? Keep your friends close, your enemies closer type beat.",you
5.1/17,sad,17,5.1,I HATE YOU!,idimya
5.1/18,sad,18,5.1,IDIMYA NO-,idimya
5.1/19,sad,19,5.1,"We had a good conversation, and I-I really like you, and- and- maybe we can be friends, I can show you some other kinds of food and you might like-",idimya
5.1/3,sad,3,5.1,Sorry...,idimya
5.1/4,sad,4,5.1,Oh...,idimya
5.1/5,sad,5,5.1,"But you were nodding along, when I talk about MY human eating experiences!",idimya
5.1/6,sad,6,5.1,Sure I was!,idimya
5.1/7,sad,7,5.1,But... why?,you
5.1/8,sad,8,5.1,... so what DO you eat?,idimya
5.4.3.2/13,neutral,13,5.4.3.2,"You notice it too, don't you?",you
5.1/9,sad,9,5.1,"You know? Like, kind of share a similar diet with the humans, somehow?",idimya
5.2.1/10,sad,10,5.2.1,"Oh, sorry! Maybe I made a mistake!",you
4.2.2/7,idle,7,4.2.2,Sometimes it's bizarre how happy and carefree they are.,you
4.2.2/8,idle,8,4.2.2,"But the more I know about them, the more I believe that there is no way I could befriend them. Too much of a difference.",you
4.2.2/9,idle,9,4.2.2,"Plus, I doubt they would even bother trying to understand me, either.",you
4.2.3/1,idle,1,4.2.3,Honestly? Not so much.,idimya
4.2.3/2,idle,2,4.2.3,"But, who cares?",you
4.2.3/4,idle,4,4.2.3,I do what I can to achieve it.,you
3.2.2/23,smile,23,3.2.2,Your life sounds full of adventures and randomness!,idimya
4.2.3/5,idle,5,4.2.3,"If it requires learning about this body of my own, then sure, whatever it takes.",idimya
3.2.2/14,soy,14,3.2.2,"It's always a struggle, capturing and consuming bigger, stronger opponents... but always dangerously rewarding, you know?",idimya
3.2.2/27,smile,27,3.2.2,"If you find a bigger and stronger target you wanna eat, maybe we can hunt it down together on our next date!",idimya
5.4.3.2/14,neutral,14,5.4.3.2,Really? That's it?,idimya
4.2.3/6,idle,6,4.2.3,"But I don't feel the need to actively seek anything from them, you know?",idimya
5.4.3.2/15,neutral,15,5.4.3.2,Yup. That's all it takes.,idimya
4.2.4/1,idle,1,4.2.4,Honestly? Not so much.,idimya
5.4.3.2/16,neutral,16,5.4.3.2,"Eventually, ""a human"" stopped being enough information for me to decide what their life was worth.",idimya
4.2.4/12,idle,12,4.2.4,"Yeah, maybe.",idimya
5.4.3.3/1,neutral,1,5.4.3.3,Because eventually I realized I wasn't making any decisions for myself.,idimya
5.4.3.3/10,neutral,10,5.4.3.3,"If every urge I have becomes an order I obey, then what's actually in control of me?",idimya
5.2.1/11,sad,11,5.2.1,"That's fine, right? We... all... make mistakes?",idimya
5.4.3.3/11,neutral,11,5.4.3.3,I thought to myself: I am more than this. Why else am I superior to the ones I hunt?,idimya
5.4.3.3/2,neutral,2,5.4.3.3,"What do you mean? You decide to hunt and eat them, no?",you
5.4.3.3/3,neutral,3,5.4.3.3,"Seems that way, right?",you
4.1.2/8,happy,8,4.1.2,When I find them in these bedrooms they are always not moving! Like they are waiting for me to harvest them!,idimya
3.2.2/29,smile,29,3.2.2,Really?!,idimya
3.2.2/17,soy,17,3.2.2,"And now, this guy you see here, with these two thumbs, that's basically my last big meal!",idimya
4.1.2/9,happy,9,4.1.2,Bedroom is food room! Food room is good room!,idimya
3.2.2/30,smile,30,3.2.2,You bought all that bull- I mean I'm glad you...,idimya
3.2.2/38,smile,38,3.2.2,"Gosh, the integrity!",you
4.2.4/2,idle,2,4.2.4,"I have tried to make an effort to get to know them better, but always hit dead ends.",you
3.2.2/39,smile,39,3.2.2,That is admirable!,you
3.2.2/40,smile,40,3.2.2,So sorry about earlier. I almost ate you!,idimya
5.4.3.3/4,neutral,4,5.4.3.3,"But not quite, if you think about it.",you
4.2.4/3,idle,3,4.2.4,"But, never hurts to learn a thing or two, right? Keep your friends close, your enemies closer type beat.",you
5.2.1/12,sad,12,5.2.1,IDIMYA NO LIKE!,idimya
4.2.4/5,idle,5,4.2.4,Yeah? And how's that working for you?,idimya
5.2.1/13,sad,13,5.2.1,"Yeah, sorry about that.",idimya
4.2/1,idle,1,4.2,"Okay, anyways-",idimya
5.4.3.3/5,neutral,5,5.4.3.3,"I got hungry, I wanted a human, I killed the human.",you
5.4.3.3/6,neutral,6,5.4.3.3,Same sequence every time.,you
3.2.2/19,soy,19,3.2.2,Wow...,you
3.2.2/2,soy,2,3.2.2,Really? That is so small!!,you
5.2.1/18,sad,18,5.2.1,FUN?!,you
5.2.1/19,sad,19,5.2.1,WASTING IDIMYA'S TIME... FUN?!,you
5.2.1/20,sad,20,5.2.1,I HATE YOU!,you
5.2.1/21,sad,21,5.2.1,IDIMYA NO-,you
3.2.2/41,smile,41,3.2.2,"Heh, apology accepted.",idimya
3.2.2/43,smile,43,3.2.2,"Well, maybe not fully understand yet, but...",idimya
4.2/3,idle,3,4.2,Do you know a lot about humans?,idimya
3.3.2/11,smug,11,3.3.2,I am so glad we met!!! You are so cool!!!,idimya
4.2/4,idle,4,4.2,Um?,idimya
3.2.2/44,smile,44,3.2.2,I am happy you let me in on this. I won't tell anyone hehe!,you
3.2.2/45,smile,45,3.2.2,And I wish you best of luck on your next upgrade!,you
3.3.3/8,smug,8,3.3.3,"I love seeing the fear in humans' eyes when I hunt them down, tear them into shreds!!!",idimya
4.2/5,idle,5,4.2,"I, uh...",you
5.1/1,idle,1,5.1,"Oh, no, don't think so.",you
5.1/2,idle,2,5.1,"As in, no, I did not mention it at any point, and also, I in fact don't eat humans like you do...",you
5.2.1/22,sad,22,5.2.1,"We had a good conversation, and I-I really like you, and- and- I made a mistake, but maybe we can move on and-",idimya
5.2.1/1,idle,1,5.2.1,"Oh, uh, no?",idimya
3.2.2/46,smile,46,3.2.2,"But hey, I'm curious...",you
5.2.1/23,sad,23,5.2.1,You made Idimya... mistake?,idimya
5.2.1/24,sad,24,5.2.1,"YES, thank you, Idimya! It was a mistake! Let's just forget about it and-",idimya
5.2.1/25,sad,25,5.2.1,NO YOU DON'T!,idimya
5.2.1/2,idle,2,5.2.1,"As in, I don't think I have mentioned myself eating humans hahah... but I do!",you
5.2.1/26,sad,26,5.2.1,I SHOULD BE THE ONE MAKING YOU INTO MY-STEAK!!!,idimya
3.2.2/5,smile,5,3.2.2,"Ah, you didn't know.",idimya
5.2.2/1,idle,1,5.2.2,Funny you asked! I been wanting to share some of my experiences of eating humans as well. Just never got the right moment.,you
3.3/14,smug,14,3.3,YOU HAVE A HUMAN BODY?,idimya
5.3.1/1,idle,1,5.3.1,"Funny you asked! I been wanting to share some of my experiences of eating humans as well. Is it my turn yet, finally?",you
3.2.3/24,smile,24,3.2.3,WOW!,you
3.2.3/25,smile,25,3.2.3,That is... beautiful!,idimya
5.3.2/1,idle,1,5.3.2,"Oh, uh, I guess?",idimya
5.3.2/2,idle,2,5.3.2,"As in, I think I did mention myself eating humans hahah... didn't I?",idimya
3.3/15,smug,15,3.3,WHY DIDN'T YOU JUST SAY THAT?,idimya
5.4.1/1,idle,1,5.4.1,"Oh, uh, I guess?",idimya
4.1.1/4,smug,4,4.1.1,You are so funny!!,idimya
4.1.1/7,smug,7,4.1.1,"Oh god stop it, how embarrassing of you!",idimya
4.2.2/11,happy,11,4.2.2,You should try to make a friend!,idimya
5.4.1/2,idle,2,5.4.1,"As in, I think I have mentioned myself eating humans hahah... haven't I?",idimya
5.4.2.1/1,idle,1,5.4.2.1,I am quite the advocate of this lifestyle!,idimya
5.4.2.1/2,idle,2,5.4.2.1,Maybe... you would also give it a try?,idimya
5.4.2.1/4,idle,4,5.4.2.1,...,you
5.4.2.1/5,idle,5,5.4.2.1,Oh.,you
5.4.2.2/1,idle,1,5.4.2.2,"Just to be clear, I am not asking you to stop eating humans like me.",you
5.4.2.2/2,idle,2,5.4.2.2,It was a personal decision that I stopped.,idimya
5.4.2.2/3,idle,3,5.4.2.2,"I fully respect our lifestyle differences, though.",you
5.4.2.2/5,idle,5,5.4.2.2,...,you
5.4.2.2/6,idle,6,5.4.2.2,Oh.,you
5.4.2.2/7,idle,7,5.4.2.2,You are serious!,you
3.2.2/20,soy,20,3.2.2,That's...,idimya
5.4.2/1,idle,1,5.4.2,"Yes, I did! I used to eat humans all the time.",you
5.4.2/2,idle,2,5.4.2,But I actually stopped recently.,you
5.4.2/3,idle,3,5.4.2,And...,you
5.4.3.1/1,idle,1,5.4.3.1,Because I've come to understand what it means to be the one in power.,you
5.4.3.1/2,idle,2,5.4.3.1,"More power, more intelligence... come with more responsibility, to use this strength with care.",you
5.4.3.2/1,idle,1,5.4.3.2,... good question.,idimya
5.4.3.2/10,idle,10,5.4.3.2,Who they missed.,idimya
5.4.3.2/11,idle,11,5.4.3.2,"What they are looking forward to doing, should their lives be spared.",you
5.4.3.2/2,idle,2,5.4.3.2,"You know, I knew humans long before I knew any human.",you
5.4.3.2/3,idle,3,5.4.3.2,What do you mean?,you
5.4.3.2/4,idle,4,5.4.3.2,"Humans, as a category.",you
5.4.3.2/5,idle,5,5.4.3.2,Noisy. Weak. Abundant.,idimya
3.2.3/32,smile,32,3.2.3,Yes!,idimya
5.4.3.2/6,idle,6,5.4.3.2,Edible.,you
5.2.1/4,sad,4,5.2.1,But you lie!,idimya
3.2.3/33,smile,33,3.2.3,And so sorry about earlier. I almost ate you!,idimya
5.4.3.2/8,idle,8,5.4.3.2,But then... then I started learning stupid little things about individual ones.,you
5.2.1/6,sad,6,5.2.1,You did tell me you eat humans!,idimya
5.4.3.2/9,idle,9,5.4.3.2,What they were afraid of.,idimya
5.2.1/7,sad,7,5.2.1,IDIMYA NO FORGET!,idimya
3.2.3/35,smile,35,3.2.3,Nooo!!,idimya
5.4.3.4.1.1/1,idle,1,5.4.3.4.1.1,Farm animals.,you
5.2.1/8,sad,8,5.2.1,I was so looking forward to talking about this with you!,idimya
3.2.3/36,smile,36,3.2.3,I wanna help you! With an experiment.,you
4.2.1/7,smug,7,4.2.1,"Haha, okay! Almost gave me a big ick!",idimya
5.2.1/9,sad,9,5.2.1,Why did you lie?,idimya
3.2.3/37,smile,37,3.2.3,"Ohhh, I am getting excited! You are gonna love this.",idimya
5.3.2/10,sad,10,5.3.2,Why did you lie?,idimya
3.2.3/41,smile,41,3.2.3,"If you are not human, something different might happen!",idimya
5.3.2/11,sad,11,5.3.2,"Oh, sorry! Maybe I made a mistake!",idimya
5.4.3.4.1.1/11,idle,11,5.4.3.4.1.1,That actually does sound awesome!!!,idimya
5.3.2/12,sad,12,5.3.2,"That's fine, right? We... all... make mistakes?",idimya
5.3.2/13,sad,13,5.3.2,IDIMYA NO LIKE!,idimya
5.3.2/14,sad,14,5.3.2,"Yeah, sorry about that.",idimya
5.4.3.4.1.1/12,idle,12,5.4.3.4.1.1,"Sure I might miss some of the thrill of the hunt, but this sounds way too convenient to pass on!",idimya
5.4.3.4.1.1/13,idle,13,5.4.3.4.1.1,"Yup, hunger solved, threat removed, everyone happy.",you
5.4.3.4.1.1/14,idle,14,5.4.3.4.1.1,"True, true!",you
5.4.3.4.1.1/2,idle,2,5.4.3.4.1.1,Farm animals?,you
5.4.3.4.1.1/3,idle,3,5.4.3.4.1.1,"Yeah! Cows, pigs, chickens.",you
3.2.3/44,smile,44,3.2.3,Maybe even fuse into my body? Hehe!,idimya
5.4.3.4.1.1/4,idle,4,5.4.3.4.1.1,Humans already breed billions of them specifically to be eaten. Guess why?,idimya
3.2.3/45,smile,45,3.2.3,Who knows!,idimya
5.4.3.4.1.1/5,idle,5,5.4.3.4.1.1,"They don't think or feel like humans do. They don't have plans, ambitions, families waiting for them. They don't understand what's happening the same way we do.",you
5.4.3.4.1.1/6,idle,6,5.4.3.4.1.1,"And most importantly: they don't know how to fight back. No calling the police, whatsoever. That's simply not in their conception.",you
5.4.3.4.1.1/7,idle,7,5.4.3.4.1.1,"Once dead, they are gone forever.",you
5.4.3.4.1.1/8,idle,8,5.4.3.4.1.1,"See? Easier to catch, AND with fewer consequences.",you
5.4.3.4.1.1/9,idle,9,5.4.3.4.1.1,And my favorite part? They taste just as if not more delicious!,you
3.2/5,smile,5,3.2,"Even though I am blended with this organic host at all times, at least I still get to see a part of the real me whenever I want to!",idimya
5.4.3.4.1.2/1,idle,1,5.4.3.4.1.2,"You like drinking blood, right?",you
3.2/8,smile,8,3.2,Really fits your... aura!,idimya
5.4.3.4.1.2/10,idle,10,5.4.3.4.1.2,But! There are so many blood substitutes out there that are right under your radar.,you
5.4.3.4.1.2/11,idle,11,5.4.3.4.1.2,"I could not recommend tomato juice enough. It tastes uncannily similar to blood, and you can get it in smaller packages however much you need! Much easier to store as well.",you
5.4.3.4.1.2/14,idle,14,5.4.3.4.1.2,"Sure I might miss some of the thrill of the hunt, but this sounds way too convenient to pass on!",you
5.4.3.4.1.2/15,idle,15,5.4.3.4.1.2,"Yup, hunger solved, threat removed, everyone happy.",you
5.4.3.4.1.2/3,idle,3,5.4.3.4.1.2,"Like, if there is something you absolutely can't go without. It's blood isn't it?",you
5.4.3.4.1.2/6,idle,6,5.4.3.4.1.2,Point is...,you
5.4.3.4.1.2/7,idle,7,5.4.3.4.1.2,You are missing out.,you
5.4.3.4.1.2/8,idle,8,5.4.3.4.1.2,One human only has around 5 liters of blood.,you
5.4.3.3/7,neutral,7,5.4.3.3,Not so much of a decision. More like muscle memory.,idimya
5.4.3.3/9,neutral,9,5.4.3.3,But...,idimya
5.4.4.1/1,neutral,1,5.4.4.1,Hmmm...,idimya
5.4.3.4.1.2/9,idle,9,5.4.3.4.1.2,"Of which, if you don't drink up at once, it oxidizes and starts tasting bad. Which would be a waste!",idimya
5.4.3.4.1/3,idle,3,5.4.3.4.1,"But, fine!",you
5.4.4.1/2,neutral,2,5.4.4.1,You might have a point...,idimya
5.4.3.4.1/4,idle,4,5.4.3.4.1,For the sake of not getting caught! What should I eat instead?,you
5.4.4.1/4,neutral,4,5.4.4.1,But what difference does that make?,idimya
5.4.4.1/5,neutral,5,5.4.4.1,Humans eat humans. Humans kill humans. Things eat humans. I eat humans.,you
5.4.4.1/6,neutral,6,5.4.4.1,"You stop, there is one less.",idimya
5.4.4.1/7,neutral,7,5.4.4.1,"Even if I stop, there are two less.",idimya
3.3.2/4,smile,4,3.3.2,"Ohh, let me guess! Do they give you more bite strength?",idimya
5.4.3.4/1,idle,1,5.4.3.4,"Because humans are really, really bad prey once enough of them find out you're eating them.",idimya
3.3.2/6,smile,6,3.3.2,Awesome!,idimya
4.2.2/12,smug,12,4.2.2,But as a troll!,idimya
4.2.2/14,smug,14,4.2.2,The disbelief in their eyes when I revealed my true intention was always so funny to me!!,idimya
3.3.2/7,smile,7,3.3.2,Can you get me those too?,idimya
5.4.3.4/3,idle,3,5.4.3.4,"Individually, yes.",you
4.2.3/10,smug,10,4.2.3,"Heh, yup, well said! Same!",idimya
5.4.3.4/4,idle,4,5.4.3.4,"But systematically, that's where I beg to differ.",idimya
5/1,idle,1,5,"Oh, by the way, remind me: did you at any point ever say if you also eat humans just like I do?",you
6.1/1,idle,1,6.1,I don't know how to explain...,idimya
6.1/2,idle,2,6.1,"I guess one day I just knew this was what I wanted, and...",idimya
5.3.2/19,sad,19,5.3.2,FUN?!,idimya
6.1/3,idle,3,6.1,I have always been this way. No questions asked.,idimya
6.2/1,idle,1,6.2,Well...,you
6.2/2,idle,2,6.2,"It did not come natural to me, in the beginning...",you
6.2/3,idle,3,6.2,"I really kinda discovered that I can do this by accident, and I have been fairly enjoying it ever since... no regrets.",you
3.3.2/9,smile,9,3.3.2,Yeah... maybe... I could hook you up with my doc... I mean someone.,idimya
6/1,idle,1,6,Oh so sorry!,you
6/3,idle,3,6,Well... since we're here... what would you like to know?,you
4.2.3/11,smug,11,4.2.3,"As long as they hand in their meat into my mouth, they are good enough for me as they are!",idimya
6/4,idle,4,6,EVERYTHING!,you
6/5,idle,5,6,Tell me from the very beginning!,you
5.3.2/20,sad,20,5.3.2,WASTING IDIMYA'S TIME... FUN?!,idimya
7.1.1/1,idle,1,7.1.1,Out for however many days?,you
7.1.2/1,idle,1,7.1.2,"Out for a while, it seems...",idimya
7.1.2/2,idle,2,7.1.2,"Dehydrated, pale...",you
7.1.2/3,idle,3,7.1.2,"It was not ideal, but, could be worse, so I did not complain much.",idimya
7.1.3/1,idle,1,7.1.3,"Barely out of pulse, still warm...",you
7.1.3/2,idle,2,7.1.3,Some steam coming out the body...,you
7.1.3/3,idle,3,7.1.3,Blood still red...,idimya
7.1/1,idle,1,7.1,"I stumbled upon this body, already stopped moving.",you
7.1/2,idle,2,7.1,It was...,you
7.2.1/1,idle,1,7.2.1,I was driving late on a long road trip...,you
4.2.3/9,smug,9,4.2.3,I find humans so loud and annoying. Why even bother?,idimya
4.2.4/4,smug,4,4.2.4,"Wow, you sure try! I gave up a long time ago!",idimya
7.2.1/2,idle,2,7.2.1,It was REALLY dark on those suburban roads...,you
7.2.1/3,idle,3,7.2.1,"I panicked trying to hide the body, but turns out, it was well off into my digestive system...",you
7.2.1/4,idle,4,7.2.1,"Pretty exhilarating, actually... you have to be there...",you
7.2.1/5,idle,5,7.2.1,I bet...,you
3.3.3/24,smile,24,3.3.3,"So, where is this implant? Can I see it?",idimya
7.2.2/1,idle,1,7.2.2,The human came at me first...,idimya
7.2.2/2,idle,2,7.2.2,I merely fought back trying to protect myself.,idimya
7.2.2/3,idle,3,7.2.2,I was really struggling because it was kind of a big guy.,you
5.4.4.2/1,neutral,1,5.4.4.2,Hmmm...,idimya
7.2.2/4,idle,4,7.2.2,"And then, I went too far...",you
5.4.4.2/2,neutral,2,5.4.4.2,You might have a point...,idimya
5.4.4.2/4,neutral,4,5.4.4.2,But what difference does that make?,idimya
5.3.2/21,sad,21,5.3.2,I HATE YOU!,idimya
7.2.2/5,idle,5,7.2.2,"But then, I figured, since I already did it, there was no way back, so why not just stick around and enjoy a good meal while it was fresh.",you
5.3.2/22,sad,22,5.3.2,IDIMYA NO-,idimya
7.2.2/6,idle,6,7.2.2,I see...,you
5.4.4.2/5,neutral,5,5.4.4.2,Humans eat humans. Humans kill humans. Things eat humans. I eat humans.,you
5.4.4.2/6,neutral,6,5.4.4.2,"Even if you stop, there is only one less.",you
5.3.2/23,sad,23,5.3.2,"We had a good conversation, and I-I really like you, and- and- I made a mistake, but maybe we can move on and-",you
7.2/1,idle,1,7.2,I did it by accident.,idimya
5.3.2/24,sad,24,5.3.2,You made Idimya... mistake?,idimya
7.3.1/1,idle,1,7.3.1,"I didn't get these canines for nothing, you know?",idimya
3.3.3/28,smile,28,3.3.3,"Whoopsie, sorry!",idimya
5.3.2/25,sad,25,5.3.2,"YES, thank you, Idimya! It was a mistake! Let's just forget about it and-",you
5.3.2/26,sad,26,5.3.2,NO YOU DON'T!,idimya
3.3.3/29,smile,29,3.3.3,Later?,idimya
5.3.2/27,sad,27,5.3.2,I SHOULD BE THE ONE MAKING YOU INTO MY-STEAK!!!,you
5.3.2/4,sad,4,5.3.2,But you lie!,idimya
7.3.1/2,idle,2,7.3.1,"I was just, heads on with it. It was brutal.",idimya
5.3.2/5,sad,5,5.3.2,I what now?,idimya
7.3.1/3,idle,3,7.3.1,Had my full face covered in red and I didn't care to stop.,you
5.3.2/6,sad,6,5.3.2,You did NOT tell me you eat humans!,you
3.2.2/21,soy,21,3.2.2,Beautiful!!!,you
5.3.2/7,sad,7,5.3.2,You were just nodding along!,idimya
3.2.2/50,soy,50,3.2.2,Mostly what actual humans eat?,you
5.3.2/8,sad,8,5.3.2,IDIMYA NO FORGET!,you
3.3.3/7,smile,7,3.3.3,Yeah! Who doesn't want to be stronger! I love being strong!,you
5.3.2/9,sad,9,5.3.2,But why?!,idimya
7.3.2.2/1,idle,1,7.3.2.2,Using... tools?,you
5.4.1/4,sad,4,5.4.1,Ew what?!,idimya
3.2.2/51,soy,51,3.2.2,Is that lame?,you
7.3.2.2/2,idle,2,7.3.2.2,Yeah!,you
7.3.2.2/3,idle,3,7.3.2.2,"A knife, a gun... something you can hold in your hand as an extension to do things you normally can't.",you
3.3.3/9,smile,9,3.3.3,"Heh, yeah, exactly! Who doesn't!",you
5.4.2.1/6,soy,6,5.4.2.1,You are serious!,idimya
3.3/5,smile,5,3.3,Not so long! Still fresh!!! Learning as I go!,idimya
7.3.2/1,idle,1,7.3.2,"You know, humans pride themselves over using tools. That's supposed to be one of the things that make them... superior, to other species?",you
4.2.2/13,happy,13,4.2.2,"I have tried it, it was fun! Playing with my preys before eating them alive!",idimya
7.3.2/2,idle,2,7.3.2,And guess what?,you
7.3.2/3,idle,3,7.3.2,That's ironically how I scored MY first body of theirs!,you
7.3.2/4,idle,4,7.3.2,I should really introduce you to some of these...,idimya
7.3.2/5,idle,5,7.3.2,"Man, they really do love inventing ways to hurt and butcher themselves, and each other. Which I do not mind at all!",you
7.3.2/6,idle,6,7.3.2,Interesting...,you
7.3/1,idle,1,7.3,Had to do it to 'em.,you
7.3/2,idle,2,7.3,The first time wasn't easy.,you
4.1.1/5,smile,5,4.1.1,"Yeah, except it almost cost my life...",idimya
7.3/3,idle,3,7.3,But it has to be done.,you
7/1,idle,1,7,I remember my first time doing it...,idimya
7/2,idle,2,7,"It was the smell... delicious, human smell...",idimya
7/3,idle,3,7,"I followed the smell, and eventually I met the human with the smell!",you
7/5,idle,5,7,I remember it like it was yesterday!,idimya
7/7,idle,7,7,... understandably so.,idimya
7/8,idle,8,7,What was your first time like?,you
4.1.1/6,smile,6,4.1.1,Can you imagine? Almost dying immediately after entering your host?,idimya
4.1.1/8,smile,8,4.1.1,Glad you enjoyed the story...,idimya
7/9,idle,9,7,I...,you
5.4.3.4.1.1/10,soy,10,5.4.3.4.1.1,WHAT-,idimya
4.1.2/12,smile,12,4.1.2,Thank you!!!,you
8.1/1,idle,1,8.1,"Definitely raw! Timeless classic. You saw it coming, didn't you.",idimya
4.1.2/6,smile,6,4.1.2,I know this! I love bedrooms! Lucky you!!,idimya
5.4.5/1,neutral,1,5.4.5,But everything else keeps happening.,idimya
8.1/10,idle,10,8.1,I would be digging deep in their guts and looking into their eyes...,you
8.1/12,idle,12,8.1,You think?,idimya
4.2.4/6,smug,6,4.2.4,"Pretty good, actually!",you
4.2.3/12,happy,12,4.2.3,No problem staying that way for eternity!,idimya
4.1.4/5,smile,5,4.1.4,"Yup, literally me.",idimya
4.1.4/6,smile,6,4.1.4,Twins.,you
8.1/13,idle,13,8.1,"Oh yeah, and don't forget how tearing the flesh and skin from random directions makes it taste better, somehow.",you
5.4.1/22,happy,22,5.4.1,WASTING IDIMYA'S TIME... FUN?!,idimya
8.1/6,idle,6,8.1,Yeah?,you
5.4.1/5,sad,5,5.4.1,But you lie!,you
4.2.4/7,smug,7,4.2.4,"Why WOULD I try to empathize with my food, anyways? BAD FOR BUSINESS!",idimya
5.4.1/6,sad,6,5.4.1,I what now?,you
4.1/1,smile,1,4.1,NEXT QUESTION-,you
5.4.1/7,sad,7,5.4.1,You did NOT tell me you eat humans!,you
5.4.1/23,happy,23,5.4.1,I HATE YOU!,idimya
5.4.1/28,happy,28,5.4.1,NO YOU DON'T!,idimya
8.1/9,idle,9,8.1,Plus point if they are still alive!,you
8.2/1,idle,1,8.2,These days I like to prep it nicely.,you
4.1/2,smile,2,4.1,Where did you get this human body from?,idimya
5.4.1/8,sad,8,5.4.1,You were just nodding along!,idimya
8.2/10,idle,10,8.2,"It's like a ritual of some sorts, always leaving me feeling... a kind of satisfaction that you just can't quite get from serving it raw.",you
8.2/11,idle,11,8.2,So I never went back.,you
5.4.2.1/7,sad,7,5.4.2.1,WHY do you think anyone would EVER consider this?!,you
5.4.2.2/8,sad,8,5.4.2.2,WHY would one ever come to this decision?!,idimya
5.4.3.1/4,sad,4,5.4.3.1,But... why?,idimya
8.2/13,idle,13,8.2,I can show you how it's done!,you
5.4.1/29,happy,29,5.4.1,I SHOULD BE THE ONE MAKING YOU INTO MY-STEAK!!!,idimya
4.1/3,smile,3,4.1,Um?,idimya
8.2/2,idle,2,8.2,"Learned it from the very humans themselves, actually.",idimya
8.2/3,idle,3,8.2,"So, get this:",idimya
5.4.1/21,smug,21,5.4.1,FUN?!,idimya
5.4.2.1/3,happy,3,5.4.2.1,"Haha, you really are so funny!",idimya
5.4.3.2/7,smug,7,5.4.3.2,Yeah! They sure are!,idimya
8.2/4,idle,4,8.2,"Somehow, heating them up with fire, makes them even tastier. You follow?",you
5.4.2.2/4,happy,4,5.4.2.2,"Haha, you really are so funny!",idimya
4.1/4,smile,4,4.1,"I, uh...",idimya
8.2/6,idle,6,8.2,"You see, I like to be precise and have full control over my food, even after its death.",you
8.2/7,idle,7,8.2,"And since this humanoid body of mine happens to be equipped with an enormous amount of taste buds, why not put that to the test.",you
4.2.1/8,smile,8,4.2.1,"Well... I suppose I also like watching my preys... stalking is part of the hunt, you know?",you
8.2/8,idle,8,8.2,I guess that makes sense...,you
5.4.5/8,smug,8,5.4.5,Sounds like you can't even convince yourself.,idimya
8.2/9,idle,9,8.2,"If you serve it cooked, you have absolutely full control over your food. And there are so many ways to make each body part taste different, and you could always invent new ones!",you
8/1,idle,1,8,"Ohhh, okay, here is a good one.",you
8/2,idle,2,8,"Assuming you are already used to eating humans by now, by the sound of it-",you
8/3,idle,3,8,What is your preferred way to eat?,you
9.1/1,idle,1,9.1,"Ever feel empathy for humans, when you eat them?",you
4.2.1/9,smile,9,4.2.1,Y-yeah... valid.,you
4.2.2/10,smile,10,4.2.2,"Haha, okay! Almost gave me a big ick!",idimya
9.1/2,idle,2,9.1,"I'm asking because... you thought I was a human, and you talked to me.",you
9.1/3,idle,3,9.1,So?,you
9.1/4,idle,4,9.1,Do you talk to humans?,you
6.1/4,smug,4,6.1,"Oh, totally, same!",idimya
7.1.3/4,smug,4,7.1.3,YUM!,idimya
8.1/5,smug,5,8.1,Stop it!!! I am getting hungry!!!,idimya
9.1/5,idle,5,9.1,Yeah!,you
9.1/6,idle,6,9.1,But do you ever feel for them?,idimya
9.1/9,idle,9,9.1,"Ah... yeah, makes sense.",idimya
5.4.5/2,neutral,2,5.4.5,So why bother?,idimya
9.2/1,idle,1,9.2,Ever find humans cute?,you
9.2/3,idle,3,9.2,"Like, your human form... is pretty cute, you should be aware of that, right.",you
5.4.3.1/5,sad,5,5.4.3.1,That sounds so boring!,idimya
9.2/4,idle,4,9.2,Can you tell if some humans are cuter than others?,idimya
4.2.2/15,smile,15,4.2.2,Y-yeah... valid.,you
5.4.5/3,neutral,3,5.4.5,...,idimya
9.2/5,idle,5,9.2,More or less...,idimya
5.4.3.4.1.2/13,happy,13,5.4.3.4.1.2,That actually does sound awesome!!!,idimya
5.4.5/4,neutral,4,5.4.5,"You are right, I can't change much.",idimya
9.2/6,idle,6,9.2,Do you feel mercy for the cuter ones haha?,you
4.2.2/6,smile,6,4.2.2,They are just always involuntarily in my radius.,idimya
5.4.5/5,neutral,5,5.4.5,And most of how it is remains outside of my control.,idimya
9.2/7,idle,7,9.2,"Eh, no difference.",you
5.4.3.4.1.2/16,happy,16,5.4.3.4.1.2,"True, true!",idimya
9.3/1,idle,1,9.3,Do you have a favorite part to eat?,you
9.3/11,idle,11,9.3,Idimya no!,idimya
5.4.5/6,neutral,6,5.4.5,"The only real difference I can make is on the ones whose life I spared. But even then, it's not a guaranteed lifetime safety ticket for them either.",idimya
9.3/12,idle,12,9.3,I don't find it lame! Promise!,you
4.2.3/3,smile,3,4.2.3,I know what my goals are.,you
5.4.5/7,neutral,7,5.4.5,"They still suffer and die, one way or another.",idimya
4.2.3/7,smile,7,4.2.3,"What's so good that they could offer me that I absolutely could not turn down, anyways?",idimya
7.2.1.1/1,neutral,1,7.2.1.1,...,idimya
9.3/16,idle,16,9.3,"Did you know when you let the blood dry, it can become like pudding?",idimya
9.3/17,idle,17,9.3,Blood... pudding?,idimya
4.2.3/8,smile,8,4.2.3,Anxiety?,idimya
5.4.3.3/8,sad,8,5.4.3.3,Mere slavery to my appetite.,idimya
9.3/18,idle,18,9.3,Yes!,idimya
5.4.3.4.1/1,sad,1,5.4.3.4.1,That... gives me the ick!,idimya
9.3/19,idle,19,9.3,Cute and romantic! Perfect for a date snack!,you
5.4.3.4.1/2,sad,2,5.4.3.4.1,Ugh!! Why do humans have to be so... inconvenient!,idimya
5.4.3.4/5,sad,5,5.4.3.4,"Idimya, they have satellites! Databases! Helicopters! Forensic labs!",idimya
9.3/2,idle,2,9.3,Like one part you just can't live without?,you
5.4.3.4/6,sad,6,5.4.3.4,"And believe it or not, they have entire government departments whose only purpose is to figure out whoever keeps making people disappear.",idimya
9.3/20,idle,20,9.3,I can show you some time! I'm sure you would love it!,you
5.4.3.4/7,sad,7,5.4.3.4,This is exactly why I stay in the clear these days.,you
4.2.4/10,smile,10,4.2.4,Just stop caring!,idimya
9.3/24,idle,24,9.3,Suit yourself haha.,you
5.4.3.4/8,sad,8,5.4.3.4,"They are out to get us, Idimya, they always find their way! And we are outnumbered!",idimya
4.2.4/11,smile,11,4.2.4,And profit!,idimya
9.3/4,idle,4,9.3,I would say it's probably...,you
5.4.4.1/3,sad,3,5.4.4.1,"A challenging one, I must say...",idimya
9.3/5,idle,5,9.3,Human blood?,you
4.2.4/8,smile,8,4.2.4,Y-yeah... valid.,idimya
9.3/6,idle,6,9.3,Really? Blood?,you
9/1,idle,1,9,"Okay, Idimya, you know...",you
4.2.4/9,smile,9,4.2.4,You should also try it!,idimya
9/2,idle,2,9,I have been talking about myself for a while...,idimya
9/3,idle,3,9,Let's talk about you for a second.,you
4.2/2,smile,2,4.2,I see someone has done their homework.,you
9/6,idle,6,9,Do you...,you
7.2.1.1/2,neutral,2,7.2.1.1,Wait.,idimya
9.2/2,smug,2,9.2,Pfft. What kind of question is that!,idimya
ending_ally/1,idle,1,ending_ally,Welp!,you
ending_ally/2,idle,2,ending_ally,Our little date has been fun and all...,you
ending_ally/3,idle,3,ending_ally,But I have to go.,idimya
ending_ally/4,idle,4,ending_ally,Still a hungry stomach to feed.,you
ending_ally/5,idle,5,ending_ally,"So... you will not eat me, right?",you
ending_ally/8,idle,8,ending_ally,"It is clear that you are one of us, and I should not have come on to you in the first place!",you
ending_ally/9,idle,9,ending_ally,"Well, I better get going!",you
ending_ally_crush/10,idle,10,ending_ally_crush,"Okay, good night! Safe travels home!",you
5.4.1/24,smile,24,5.4.1,IDIMYA NO-,idimya
5.4.4.2/3,sad,3,5.4.4.2,"A challenging one, I must say...",idimya
ending_ally_crush/11,idle,11,ending_ally_crush,Wait!,idimya
ending_ally_crush/12,idle,12,ending_ally_crush,...,you
ending_ally_crush/13,idle,13,ending_ally_crush,...,you
ending_ally_crush/14,idle,14,ending_ally_crush,Yes?,you
ending_ally_crush/15,idle,15,ending_ally_crush,...,you
ending_ally_crush/3,idle,3,ending_ally_crush,But I have to go.,you
ending_ally_crush/5,idle,5,ending_ally_crush,"So... you will not eat me, right?",you
ending_ally_crush/9,idle,9,ending_ally_crush,"Well, I better get going!",idimya
ending_rival/10,idle,10,ending_rival,Big trouble.,you
5.4.5/9,sad,9,5.4.5,Lame-,idimya
ending_rival/11,idle,11,ending_rival,If your kind poses a threat to mine... no... I must not risk it. It cannot happen.,idimya
ending_rival/6,idle,6,ending_rival,Haha! You are so silly!,idimya
ending_rival_crush/10,idle,10,ending_rival_crush,Big trouble.,idimya
5.4.3.4.1.2/2,happy,2,5.4.3.4.1.2,Yes!!! Love blood!,idimya
5.4.3.4.1.2/12,soy,12,5.4.3.4.1.2,WHAT-,idimya
5.4.1/25,smile,25,5.4.1,"We had a good conversation, and I-I really like you, and- and- I made ONE SMALL mistake, but maybe we can move on and I can show you some other cool food alternatives and maybe you would like-",idimya
ending_rival_crush/13,idle,13,ending_rival_crush,"Idimya, but we had such good conversation!",you
5.4.3.4.1.2/4,happy,4,5.4.3.4.1.2,YES!!! How did you know?,idimya
ending_rival_crush/22,idle,22,ending_rival_crush,And that should be best.,you
5.4.1/26,smile,26,5.4.1,You made Idimya... mistake?,idimya
ending_rival_crush/6,idle,6,ending_rival_crush,Haha! You are so silly!,you
7.2.1.1/3,neutral,3,7.2.1.1,...driving?,you
5.4.1/27,smile,27,5.4.1,"YES, thank you, Idimya! It was a mistake! Let's just forget about it and-",idimya
5.4.3.4/2,smile,2,5.4.3.4,"But they are so dumb, and tiny!",you
7.2.1.1/4,neutral,4,7.2.1.1,Yeah!,you
6/2,smile,2,6,"But please, tell me all about it!!",you
7.1.1/2,sad,2,7.1.1,"Some greens, some purple, you could barely tell it was once human if it weren't for the silhouette...",idimya
7.2.1.1/5,neutral,5,7.2.1.1,Like a wagon that takes you from point A to point B.,you
7.1.2/4,smile,4,7.1.2,I see!,idimya
ending_rival/1,neutral,1,ending_rival,Welp!,you
9.3/10,smug,10,9.3,That sounds exactly like you find it lame!!!,idimya
7.1.1/3,sad,3,7.1.1,I was joined by some maggots popping in and out...,you
intro/1,idle,1,intro,First ever Fumble match in a billion years...,you
7.1.1/4,sad,4,7.1.1,And I was desperate.,you
intro/10,idle,10,intro,This is the location she sent me alright...,you
7.1.1/5,sad,5,7.1.1,EWWW!,idimya
intro/11,idle,11,intro,And it's a... bistro???,you
intro/12,idle,12,intro,"For some reason, I have the feeling that the only item I am able to afford is still water... from the bathroom tap...",you
intro/13,idle,13,intro,Or not even that...,you
7.2/2,smile,2,7.2,How?,idimya
5.4.3.4.1.2/5,happy,5,5.4.3.4.1.2,"Well... let's just say I am not bad at reading people, haha.",idimya
intro/14,idle,14,intro,This must be her.,you
7.3.1/4,happy,4,7.3.1,"HOLY SHIT, I LIKE THE SOUND OF THAT SO MUCH-",idimya
intro/15,idle,15,intro,Idimya? From Fumble?,you
intro/16,idle,16,intro,YES!,you
intro/17,idle,17,intro,HELLO!,you
intro/18,idle,18,intro,"Please, make yourself at home!",you
7.3/4,smile,4,7.3,How did you kill them?,idimya
intro/19,idle,19,intro,You are actually here!!!,you
intro/2,idle,2,intro,I can't believe this. She's not even real. Can't be.,you
6.2/4,soy,4,6.2,Really?! That's so cool!!!,idimya
ending_rival/12,neutral,12,ending_rival,"I am sorry, but I can't let you go home, I'm afraid...",you
8.2/12,soy,12,8.2,This sounds so unbelievably advanced. I will definitely have to see it for myself.,idimya
ending_rival/2,neutral,2,ending_rival,Our little date has been fun and all...,you
intro/20,idle,20,intro,"I am so happy that you showed up, you cannot even imagine!",you
ending_rival/3,neutral,3,ending_rival,But I have to go.,you
intro/21,idle,21,intro,You... are?,you
ending_rival/4,neutral,4,ending_rival,Still a hungry stomach to feed.,you
ending_rival/5,neutral,5,ending_rival,"So... you will not eat me, right?",you
ending_rival/7,neutral,7,ending_rival,Of course not!,idimya
ending_rival/8,neutral,8,ending_rival,But that reminds me...,idimya
7/4,smile,4,7,And I had my feast! Just like that!,you
ending_rival/9,neutral,9,ending_rival,"You and I, we... don't seem to hold the same values. Yet, we are on the same level of the food chain.",idimya
ending_ally/6,smug,6,ending_ally,Haha! You are so silly!,idimya
ending_rival_crush/1,neutral,1,ending_rival_crush,Welp!,idimya
ending_rival_crush/11,neutral,11,ending_rival_crush,If your kind poses a threat to mine... no... I must not risk it. It cannot happen.,idimya
intro/22,idle,22,intro,Well... nice to meet you too?,idimya
ending_rival_crush/15,neutral,15,ending_rival_crush,I should have shredded you into pieces by now...,idimya
8.1/11,happy,11,8.1,That's the best feeling ever!,idimya
ending_rival_crush/16,neutral,16,ending_rival_crush,"And yet, a part of me hates to see you killed... and even wishes to be sweet to you...",idimya
7/6,smile,6,7,"Ohhh, if only I could experience that first time high once again. I would trade anything for it!",you
ending_rival_crush/17,neutral,17,ending_rival_crush,A wish that defies my nature. Completely.,you
8.1/16,smile,16,8.1,Yeah. I do.,idimya
8.1/4,smile,4,8.1,"Yeah, I can tell.",idimya
8.1/7,smile,7,8.1,"Don't you just love the thought of bright red, hot and fresh blood pouring out of a nice cut, and then freely sucking on it...",idimya
intro/24,idle,24,intro,"Oh, you a fan of black coffee?",you
ending_rival_crush/19,neutral,19,ending_rival_crush,"Go back to where you are supposed to be, before my bloodlust gets the best of me!",idimya
ending_rival_crush/2,neutral,2,ending_rival_crush,Our little date has been fun and all...,you
ending_rival_crush/20,neutral,20,ending_rival_crush,I won't follow you home... this time.,you
intro/25,idle,25,intro,No!,you
intro/26,idle,26,intro,I like espressos!,you
intro/29,idle,29,intro,I want 10 of them!,you
intro/3,idle,3,intro,I wonder if she swiped on me by accident...,you
intro/30,idle,30,intro,"Actually, a full pitcher!",you
intro/31,idle,31,intro,"Wow, you got a deadline or something?",you
intro/32,idle,32,intro,"It's late, I might just have a decaf actually. Thanks.",idimya
8.1/8,smile,8,8.1,"Oooh, yes, keep going!",idimya
intro/33,idle,33,intro,How many are YOU having?,you
intro/34,idle,34,intro,Uh-,you
intro/35,idle,35,intro,Um.,you
intro/36,idle,36,intro,I'm going to have the normal amount?,you
intro/39,idle,39,intro,Ah yes delicious! My favorite!,you
8.2/5,soy,5,8.2,"NOPE, but I am intrigued!!!",idimya
intro/4,idle,4,intro,But this is not even the craziest part.,idimya
intro/40,idle,40,intro,... you're having fun.,you
intro/42,idle,42,intro,Hey...,you
intro/43,idle,43,intro,Can I tell you a secret?,you
intro/44,idle,44,intro,"Uh, sure?",you
intro/45,idle,45,intro,You... are my first match AND my first date!!!,you
intro/46,idle,46,intro,And a total snack!!! Just look at you!!!,you
8.2/14,smile,14,8.2,Yes please!,idimya
9.1/7,smile,7,9.1,Nope!,you
9.1/8,smile,8,9.1,"I talk to lure them in, bring their guard down! It is, part of the hunt?",idimya
8.1/14,happy,14,8.1,Yes!!! OMG. I noticed that too!! I thought I was the only one!!!,idimya
8.1/15,happy,15,8.1,You really do get it!!!,idimya
intro/47,idle,47,intro,I feel like the luckiest girl on earth!!!,you
9.3/21,smile,21,9.3,Pfft-,idimya
9.3/22,smile,22,9.3,Not a bad idea...,idimya
intro/48,idle,48,intro,"Why, do I deserve this honor...",idimya
9.3/23,smile,23,9.3,I just might consider it!,idimya
intro/49,idle,49,intro,"But same same, truth be told, you are also my first... I mean, first in a while... I totally had other dates, before you... yeah.",you
9.3/3,smile,3,9.3,Good question! Hehe...,idimya
intro/5,idle,5,intro,Oh god.,idimya
intro/50,idle,50,intro,"And, you are very pretty, too.",idimya
9/4,smile,4,9,Sure thing!,idimya
intro/51,idle,51,intro,Really? Ohhh that makes me blush... so... much...,idimya
9/5,smile,5,9,Ask me anything!,idimya
9.1/10,soy,10,9.1,Pfft. What kind of question is that!,idimya
intro/55,idle,55,intro,Whoopsie.,you
7.1.1/6,sad,6,7.1.1,I don't know how you do it! I can't!,idimya
intro/56,idle,56,intro,"Ugh, I must look so embarrassing right now.",you
ending_ally_crush/1,smile,1,ending_ally_crush,Welp!,idimya
intro/57,idle,57,intro,"Say, you REALLY think I'm pretty?",you
ending_ally_crush/16,smile,16,ending_ally_crush,"You don't happen to be free... same time tomorrow, do you?",idimya
intro/58,idle,58,intro,Because you look like the most DELICIOUS SNACK ever!,you
ending_ally_crush/17,smile,17,ending_ally_crush,I would love to see you again... soon...,idimya
8.1/2,happy,2,8.1,No way!!!,idimya
intro/6,idle,6,intro,The day has come. The fate has spoken.,you
8.1/3,happy,3,8.1,That's my favorite too!!,you
ending_ally/7,smug,7,ending_ally,Of course not!,idimya
7.2.1.1/6,sad,6,7.2.1.1,I thought you were a dog before this?,idimya
7.2.1.1/7,sad,7,7.2.1.1,You said your current body was your first human meal!,idimya
7.2.1.1/8,sad,8,7.2.1.1,I knew it! I knew something was off!,idimya
ending_rival_crush/21,neutral,21,ending_rival_crush,"And then... let's just say you don't bother me, I won't bother you.",you
intro/7,idle,7,intro,I can't believe I am going to have my organs stolen tonight.,you
intro/8,idle,8,intro,Welp.,you
ending_ally_crush/2,smile,2,ending_ally_crush,Our little date has been fun and all...,you
ending_rival_crush/3,neutral,3,ending_rival_crush,But I have to go.,idimya
intro/9,idle,9,intro,"Worth it, if she actually looks like the pictures... not the worst way to go...",you
values_compass/1,idle,1,values_compass,VALUES COMPASS,idimya
7.2.1.1/9,sad,9,7.2.1.1,"DIE, LIAR!",idimya
values_compass/10,idle,10,values_compass,IDIMYA VALUE ALIGNMENT,you
9.3/13,happy,13,9.3,Nothing you do is lame!,you
ending_ally_crush/6,smug,6,ending_ally_crush,Haha! You are so silly!,idimya
7.3.2.2/4,sad,4,7.3.2.2,I thought you were a dog before this?,you
ending_ally_crush/7,smug,7,ending_ally_crush,Of course not!,idimya
ending_ally_crush/8,smug,8,ending_ally_crush,"It is clear that you are one of us, and I should not have come on to you in the first place!",idimya
values_compass/11,idle,11,values_compass,C <= -2 AND R <= -3,you
values_compass/12,idle,12,values_compass,→ ALIGNED,idimya
values_compass/13,idle,13,values_compass,VERDICT,idimya
values_compass/14,idle,14,values_compass,ALIGNED,you
7.3.2.2/5,sad,5,7.3.2.2,You said your current body was your first human meal!,idimya
7.3.2.2/6,sad,6,7.3.2.2,I knew it! I knew something was off!,idimya
7.3.2.2/7,sad,7,7.3.2.2,"DIE, LIAR!",idimya
values_compass/15,idle,15,values_compass,OR,you
values_compass/16,idle,16,values_compass,A >= 4,you
ending_ally_crush/4,smile,4,ending_ally_crush,Still a hungry stomach to feed.,idimya
9.3/14,happy,14,9.3,I also really like blood!,idimya
9.3/15,happy,15,9.3,Hey...,idimya
ending_rival_crush/4,neutral,4,ending_rival_crush,Still a hungry stomach to feed.,idimya
9.3/7,sad,7,9.3,STOPPP-,idimya
values_compass/17,idle,17,values_compass,→ ALLY,you
values_compass/18,idle,18,values_compass,Otherwise,you
values_compass/19,idle,19,values_compass,→ RIVAL,you
ending_ally/10,happy,10,ending_ally,Would be happy to see you around sometime...!,idimya
values_compass/2,idle,2,values_compass,"C > 0, R > 0",idimya
intro/23,smile,23,intro,I ordered espressos for us hehe!,idimya
values_compass/20,idle,20,values_compass,SECRET CRUSH,idimya
values_compass/21,idle,21,values_compass,S >= 4,you
ending_rival_crush/5,neutral,5,ending_rival_crush,"So... you will not eat me, right?",idimya
intro/37,smile,37,intro,THANK YOU!,idimya
values_compass/22,idle,22,values_compass,→ SECRET CRUSH,you
values_compass/23,idle,23,values_compass,FINAL,idimya
values_compass/24,idle,24,values_compass,ALLY,you
values_compass/25,idle,25,values_compass,ALLY + SECRET CRUSH,you
ending_rival_crush/12,happy,12,ending_rival_crush,In theory... I should not let you go.,idimya
values_compass/26,idle,26,values_compass,RIVAL,idimya
ending_rival_crush/7,neutral,7,ending_rival_crush,Of course not!,idimya
9.3/8,sad,8,9.3,Is it really lame?,idimya
ending_rival_crush/8,neutral,8,ending_rival_crush,But that reminds me...,idimya
ending_rival_crush/9,neutral,9,ending_rival_crush,"You and I, we... don't seem to hold the same values. Yet, we are on the same level of the food chain.",idimya
values_compass/27,idle,27,values_compass,RIVAL + SECRET CRUSH,you
values_compass/28,idle,28,values_compass,→ Idimya spares him,you
values_compass/3,idle,3,values_compass,→ FASCINATED,idimya
values_compass/4,idle,4,values_compass,"C > 0, R <= 0",idimya
values_compass/5,idle,5,values_compass,→ OBSESSIVE,you
values_compass/6,idle,6,values_compass,"C <= 0, R > 0",idimya
values_compass/7,idle,7,values_compass,→ COEXISTENT,idimya
values_compass/8,idle,8,values_compass,"C <= 0, R <= 0",idimya
values_compass/9,idle,9,values_compass,→ PREDATORY,you
intro/41,smile,41,intro,Indeed!,idimya
9.3/9,sad,9,9.3,Not necessarily? I expected something much more hardcore...,idimya
ending_rival_crush/14,sad,14,ending_rival_crush,"Yes, we did... and that's why this is so hard for me!",you
ending_rival_crush/18,sad,18,ending_rival_crush,GO!,you
ending_rival_crush/23,sad,23,ending_rival_crush,"I hope to never see you again... or else, I don't know how to live with such immense internal conflict...",idimya
ending_rival_crush/24,sad,24,ending_rival_crush,"So please, just leave me alone...",you
intro/27,sad,27,intro,EXCUSE ME???,idimya
intro/28,sad,28,intro,Why is my espresso so small?!!!,idimya
